local_path	md5	pdb_id	size_bytes	source_url	status
/Users/suhaan/Documents/Coding/NovelRP/data/raw/skempi/pdbs/1A22.pdb	f3d1bddcc2306c1bc218a2d6f50d1c90	1A22	292248	https://files.rcsb.org/download/1A22.pdb	skipped
/Users/suhaan/Documents/Coding/NovelRP/data/raw/skempi/pdbs/1ACB.pdb	fe4134e47e65a4041a2e7196b4b44862	1ACB	233928	https://files.rcsb.org/download/1ACB.pdb	skipped
/Users/suhaan/Documents/Coding/NovelRP/data/raw/skempi/pdbs/1AK4.pdb	cae9a2d7c6c31c09d6c37fbb11ef8db1	1AK4	539217	https://files.rcsb.org/download/1AK4.pdb	skipped
/Users/suhaan/Documents/Coding/NovelRP/data/raw/skempi/pdbs/1B2S.pdb	1ccb369845e8142546c29c0f843b5cdf	1B2S	484137	https://files.rcsb.org/download/1B2S.pdb	skipped
/Users/suhaan/Documents/Coding/NovelRP/data/raw/skempi/pdbs/1AO7.pdb	85dd3a23387ef1c151f5b714c3631b31	1AO7	529011	https://files.rcsb.org/download/1AO7.pdb	skipped
/Users/suhaan/Documents/Coding/NovelRP/data/raw/skempi/pdbs/1B3S.pdb	afb3dbecd862bf92d841636f99f3b6d3	1B3S	442017	https://files.rcsb.org/download/1B3S.pdb	skipped
/Users/suhaan/Documents/Coding/NovelRP/data/raw/skempi/pdbs/1B2U.pdb	9bb12eb21783f9927526063cf997053f	1B2U	464859	https://files.rcsb.org/download/1B2U.pdb	skipped
/Users/suhaan/Documents/Coding/NovelRP/data/raw/skempi/pdbs/1B41.pdb	f88d4783ab58156ea5c399a7a45199c7	1B41	451170	https://files.rcsb.org/download/1B41.pdb	skipped
/Users/suhaan/Documents/Coding/NovelRP/data/raw/skempi/pdbs/1A4Y.pdb	b8d296e0996603f6d4e64e47412cf9b0	1A4Y	775413	https://files.rcsb.org/download/1A4Y.pdb	skipped
/Users/suhaan/Documents/Coding/NovelRP/data/raw/skempi/pdbs/1AHW.pdb	d6f9a35363d6e8c636386e2b5b60b2c6	1AHW	862326	https://files.rcsb.org/download/1AHW.pdb	skipped
/Users/suhaan/Documents/Coding/NovelRP/data/raw/skempi/pdbs/1C1Y.pdb	4ab797d561c6a37a62738509cce2c922	1C1Y	216675	https://files.rcsb.org/download/1C1Y.pdb	skipped
/Users/suhaan/Documents/Coding/NovelRP/data/raw/skempi/pdbs/1BP3.pdb	4e3194bd4a2be4ed37e5f00fbf67be27	1BP3	297432	https://files.rcsb.org/download/1BP3.pdb	skipped
/Users/suhaan/Documents/Coding/NovelRP/data/raw/skempi/pdbs/1BD2.pdb	9ef97b465249557d3bb7adbd47f63a97	1BD2	570564	https://files.rcsb.org/download/1BD2.pdb	skipped
/Users/suhaan/Documents/Coding/NovelRP/data/raw/skempi/pdbs/1CHO.pdb	c2a8eed9576a9f6bea917a279af4e20d	1CHO	225180	https://files.rcsb.org/download/1CHO.pdb	skipped
/Users/suhaan/Documents/Coding/NovelRP/data/raw/skempi/pdbs/1CBW.pdb	b55f01553d8481453b849e90abe46b4a	1CBW	421524	https://files.rcsb.org/download/1CBW.pdb	skipped
/Users/suhaan/Documents/Coding/NovelRP/data/raw/skempi/pdbs/1BRS.pdb	8bf0cf5f18501272f97956d2ebea66ea	1BRS	466965	https://files.rcsb.org/download/1BRS.pdb	skipped
/Users/suhaan/Documents/Coding/NovelRP/data/raw/skempi/pdbs/1BJ1.pdb	88d642f5e7bb72568627be4399c13795	1BJ1	765369	https://files.rcsb.org/download/1BJ1.pdb	skipped
/Users/suhaan/Documents/Coding/NovelRP/data/raw/skempi/pdbs/1C4Z.pdb	c30303633135a2052fdf0d587dbbb903	1C4Z	870507	https://files.rcsb.org/download/1C4Z.pdb	skipped
/Users/suhaan/Documents/Coding/NovelRP/data/raw/skempi/pdbs/1CT0.pdb	a3c87a9b4bead4cea4c260dcfc366a0a	1CT0	176742	https://files.rcsb.org/download/1CT0.pdb	skipped
/Users/suhaan/Documents/Coding/NovelRP/data/raw/skempi/pdbs/1CSO.pdb	5588ea9c82c127d140e0accab2e5ac17	1CSO	175284	https://files.rcsb.org/download/1CSO.pdb	skipped
/Users/suhaan/Documents/Coding/NovelRP/data/raw/skempi/pdbs/1CSE.pdb	e51b864110717f838c4ca8b6ae790850	1CSE	278802	https://files.rcsb.org/download/1CSE.pdb	skipped
/Users/suhaan/Documents/Coding/NovelRP/data/raw/skempi/pdbs/1CT2.pdb	af392199b7ed7fb81504eefa101fe730	1CT2	183384	https://files.rcsb.org/download/1CT2.pdb	skipped
/Users/suhaan/Documents/Coding/NovelRP/data/raw/skempi/pdbs/1CT4.pdb	8271f17fbfe2146adee5ca7c79a04b7f	1CT4	178200	https://files.rcsb.org/download/1CT4.pdb	skipped
/Users/suhaan/Documents/Coding/NovelRP/data/raw/skempi/pdbs/1DAN.pdb	3a19cec5c52ee051a44c117527d562b9	1DAN	489321	https://files.rcsb.org/download/1DAN.pdb	skipped
/Users/suhaan/Documents/Coding/NovelRP/data/raw/skempi/pdbs/1DVF.pdb	94e50ae6fee02d245aeed27f2e33bdad	1DVF	343116	https://files.rcsb.org/download/1DVF.pdb	skipped
/Users/suhaan/Documents/Coding/NovelRP/data/raw/skempi/pdbs/1E96.pdb	d5d3b07fa1d8da0e2a816422889510e9	1E96	285282	https://files.rcsb.org/download/1E96.pdb	skipped
/Users/suhaan/Documents/Coding/NovelRP/data/raw/skempi/pdbs/1DQJ.pdb	a1ff4198bbdf7b4fb0ef51c588970485	1DQJ	429867	https://files.rcsb.org/download/1DQJ.pdb	skipped
/Users/suhaan/Documents/Coding/NovelRP/data/raw/skempi/pdbs/1EFN.pdb	fb2b5db21bb9658fab709ec350c0b3c4	1EFN	269001	https://files.rcsb.org/download/1EFN.pdb	skipped
/Users/suhaan/Documents/Coding/NovelRP/data/raw/skempi/pdbs/1CZ8.pdb	840b8397777776ed208be3970793185c	1CZ8	754353	https://files.rcsb.org/download/1CZ8.pdb	skipped
/Users/suhaan/Documents/Coding/NovelRP/data/raw/skempi/pdbs/1EAW.pdb	4930275064ff15c2129f5de802e639bf	1EAW	423225	https://files.rcsb.org/download/1EAW.pdb	skipped
/Users/suhaan/Documents/Coding/NovelRP/data/raw/skempi/pdbs/1EMV.pdb	7acbc208ee1e71498b7bac894e2bd10d	1EMV	180144	https://files.rcsb.org/download/1EMV.pdb	skipped
/Users/suhaan/Documents/Coding/NovelRP/data/raw/skempi/pdbs/1F47.pdb	3d05f443d83f7ad8614a481ce40f35e3	1F47	146043	https://files.rcsb.org/download/1F47.pdb	skipped
/Users/suhaan/Documents/Coding/NovelRP/data/raw/skempi/pdbs/1F5R.pdb	e8badd13bd47f3088120efd68ff2f2ba	1F5R	229959	https://files.rcsb.org/download/1F5R.pdb	skipped
/Users/suhaan/Documents/Coding/NovelRP/data/raw/skempi/pdbs/1FC2.pdb	4eceb476bbaa4bf0232e37a7e2870db6	1FC2	236601	https://files.rcsb.org/download/1FC2.pdb	skipped
/Users/suhaan/Documents/Coding/NovelRP/data/raw/skempi/pdbs/1FR2.pdb	fb55d7b675e76acfea4a1386ce228e64	1FR2	183789	https://files.rcsb.org/download/1FR2.pdb	skipped
/Users/suhaan/Documents/Coding/NovelRP/data/raw/skempi/pdbs/1FCC.pdb	4940cbdc2d63ed2b5f71f2fea475365c	1FCC	380295	https://files.rcsb.org/download/1FCC.pdb	skipped
/Users/suhaan/Documents/Coding/NovelRP/data/raw/skempi/pdbs/1FFW.pdb	ce0f92d1776e1249e9abf90801791615	1FFW	304803	https://files.rcsb.org/download/1FFW.pdb	skipped
/Users/suhaan/Documents/Coding/NovelRP/data/raw/skempi/pdbs/1FY8.pdb	a222044cfec83343ca44635e7aa067c0	1FY8	231012	https://files.rcsb.org/download/1FY8.pdb	skipped
/Users/suhaan/Documents/Coding/NovelRP/data/raw/skempi/pdbs/1E50.pdb	d8871f49d9491ad4a5acaedc116c6c6f	1E50	856737	https://files.rcsb.org/download/1E50.pdb	skipped
/Users/suhaan/Documents/Coding/NovelRP/data/raw/skempi/pdbs/1GCQ.pdb	2c3842f487448b3ca3b6ef14503229e4	1GCQ	166212	https://files.rcsb.org/download/1GCQ.pdb	skipped
/Users/suhaan/Documents/Coding/NovelRP/data/raw/skempi/pdbs/1FSS.pdb	15b34053ec6858eda4cec73885371db9	1FSS	429624	https://files.rcsb.org/download/1FSS.pdb	skipped
/Users/suhaan/Documents/Coding/NovelRP/data/raw/skempi/pdbs/1GL0.pdb	2042274c91f5d82cf60d7c833649aa02	1GL0	214569	https://files.rcsb.org/download/1GL0.pdb	skipped
/Users/suhaan/Documents/Coding/NovelRP/data/raw/skempi/pdbs/1GUA.pdb	c99507c14ca6c7017941d1fe15fe68d0	1GUA	207927	https://files.rcsb.org/download/1GUA.pdb	skipped
/Users/suhaan/Documents/Coding/NovelRP/data/raw/skempi/pdbs/1GRN.pdb	c36aa0e043dfeb138ec4319fe67d0cfa	1GRN	301158	https://files.rcsb.org/download/1GRN.pdb	skipped
/Users/suhaan/Documents/Coding/NovelRP/data/raw/skempi/pdbs/1GC1.pdb	265e1a4b817c28aaa1cfc58d3990cf79	1GC1	712314	https://files.rcsb.org/download/1GC1.pdb	skipped
/Users/suhaan/Documents/Coding/NovelRP/data/raw/skempi/pdbs/1H9D.pdb	1a140984253d3f9f147de5c8113b1682	1H9D	445257	https://files.rcsb.org/download/1H9D.pdb	skipped
/Users/suhaan/Documents/Coding/NovelRP/data/raw/skempi/pdbs/1GL1.pdb	de3ec36e8cb4b5a119b082667fb458aa	1GL1	585225	https://files.rcsb.org/download/1GL1.pdb	skipped
/Users/suhaan/Documents/Coding/NovelRP/data/raw/skempi/pdbs/1IAR.pdb	b950c707fad793fa9e3b9ecdc6103ac5	1IAR	258714	https://files.rcsb.org/download/1IAR.pdb	skipped
/Users/suhaan/Documents/Coding/NovelRP/data/raw/skempi/pdbs/1JRH.pdb	3858b2ed26364d3bc11e1928f6f03e92	1JRH	331371	https://files.rcsb.org/download/1JRH.pdb	skipped
/Users/suhaan/Documents/Coding/NovelRP/data/raw/skempi/pdbs/1HE8.pdb	cd552f4a8910037542bab1ced3315418	1HE8	672462	https://files.rcsb.org/download/1HE8.pdb	skipped
/Users/suhaan/Documents/Coding/NovelRP/data/raw/skempi/pdbs/1K8R.pdb	9eb9a8653a17f145498daecff62cf67e	1K8R	208737	https://files.rcsb.org/download/1K8R.pdb	skipped
/Users/suhaan/Documents/Coding/NovelRP/data/raw/skempi/pdbs/1JTD.pdb	22d50c11eb9dba1ed25b237b30ef5403	1JTD	397143	https://files.rcsb.org/download/1JTD.pdb	skipped
/Users/suhaan/Documents/Coding/NovelRP/data/raw/skempi/pdbs/1JCK.pdb	b1ff37345d125b72abce37ffd31163bd	1JCK	671571	https://files.rcsb.org/download/1JCK.pdb	skipped
/Users/suhaan/Documents/Coding/NovelRP/data/raw/skempi/pdbs/1KAC.pdb	48caf0ff8eec03f6980d64b8e03e6828	1KAC	239355	https://files.rcsb.org/download/1KAC.pdb	skipped
/Users/suhaan/Documents/Coding/NovelRP/data/raw/skempi/pdbs/1KIP.pdb	a85d6dd3fb30a7edbb97a19a5640fcd8	1KIP	263898	https://files.rcsb.org/download/1KIP.pdb	skipped
/Users/suhaan/Documents/Coding/NovelRP/data/raw/skempi/pdbs/1JTG.pdb	eae7c599004a9253f4096c15ea218871	1JTG	610983	https://files.rcsb.org/download/1JTG.pdb	skipped
/Users/suhaan/Documents/Coding/NovelRP/data/raw/skempi/pdbs/1KIQ.pdb	080c46572266bbfd746dddb3e2fb5b9d	1KIQ	268839	https://files.rcsb.org/download/1KIQ.pdb	skipped
/Users/suhaan/Documents/Coding/NovelRP/data/raw/skempi/pdbs/1KNE.pdb	ceb25cedbbc0c60fc3405e55e0a700b4	1KNE	80028	https://files.rcsb.org/download/1KNE.pdb	skipped
/Users/suhaan/Documents/Coding/NovelRP/data/raw/skempi/pdbs/1KIR.pdb	42c5b70f74bb98a132f5dee4ed35f0e4	1KIR	266490	https://files.rcsb.org/download/1KIR.pdb	skipped
/Users/suhaan/Documents/Coding/NovelRP/data/raw/skempi/pdbs/1KTZ.pdb	0fff9ec74fe4c32b50ea9fc765c59586	1KTZ	172530	https://files.rcsb.org/download/1KTZ.pdb	skipped
/Users/suhaan/Documents/Coding/NovelRP/data/raw/skempi/pdbs/1LFD.pdb	dc99985b2e505c6ec60d60c4961f272c	1LFD	402975	https://files.rcsb.org/download/1LFD.pdb	skipped
/Users/suhaan/Documents/Coding/NovelRP/data/raw/skempi/pdbs/1M9E.pdb	81ed14617e2f2c2597a33429648db20a	1M9E	457488	https://files.rcsb.org/download/1M9E.pdb	skipped
/Users/suhaan/Documents/Coding/NovelRP/data/raw/skempi/pdbs/1MAH.pdb	62253cfb86c79645fbe9f28d8d2c1d27	1MAH	418122	https://files.rcsb.org/download/1MAH.pdb	skipped
/Users/suhaan/Documents/Coding/NovelRP/data/raw/skempi/pdbs/1MI5.pdb	dbce5c5c50eb91af05233b90d6c406ef	1MI5	602235	https://files.rcsb.org/download/1MI5.pdb	skipped
/Users/suhaan/Documents/Coding/NovelRP/data/raw/skempi/pdbs/1MHP.pdb	96baf8229902b79af3e80bd92403409f	1MHP	718389	https://files.rcsb.org/download/1MHP.pdb	skipped
/Users/suhaan/Documents/Coding/NovelRP/data/raw/skempi/pdbs/1N8O.pdb	b3ead8057fd5a0e3cf7dfde4359d7928	1N8O	286335	https://files.rcsb.org/download/1N8O.pdb	skipped
/Users/suhaan/Documents/Coding/NovelRP/data/raw/skempi/pdbs/1MQ8.pdb	771bcd73f8f776f067c74dd85bcb8e93	1MQ8	558576	https://files.rcsb.org/download/1MQ8.pdb	skipped
/Users/suhaan/Documents/Coding/NovelRP/data/raw/skempi/pdbs/1MLC.pdb	d826cd83740dae25f18b8f88f34ebe40	1MLC	771039	https://files.rcsb.org/download/1MLC.pdb	skipped
/Users/suhaan/Documents/Coding/NovelRP/data/raw/skempi/pdbs/1LP9.pdb	add413a3774635ae039482ca9f93329d	1LP9	1217916	https://files.rcsb.org/download/1LP9.pdb	skipped
/Users/suhaan/Documents/Coding/NovelRP/data/raw/skempi/pdbs/1OHZ.pdb	36b86a8583514b6479f3e5cffa57270e	1OHZ	172692	https://files.rcsb.org/download/1OHZ.pdb	skipped
/Users/suhaan/Documents/Coding/NovelRP/data/raw/skempi/pdbs/1P69.pdb	a976ccf9b6d3ae424304351e74646cb8	1P69	234009	https://files.rcsb.org/download/1P69.pdb	skipped
/Users/suhaan/Documents/Coding/NovelRP/data/raw/skempi/pdbs/1N8Z.pdb	a982d20bffdbfbaab924845d93e9c999	1N8Z	703809	https://files.rcsb.org/download/1N8Z.pdb	skipped
/Users/suhaan/Documents/Coding/NovelRP/data/raw/skempi/pdbs/1NMB.pdb	e98f648a1b07cb6d45b86daeab6f9ce6	1NMB	483084	https://files.rcsb.org/download/1NMB.pdb	skipped
/Users/suhaan/Documents/Coding/NovelRP/data/raw/skempi/pdbs/1P6A.pdb	48d80550652058587921906e17c48108	1P6A	228744	https://files.rcsb.org/download/1P6A.pdb	skipped
/Users/suhaan/Documents/Coding/NovelRP/data/raw/skempi/pdbs/1NCA.pdb	e189da57d663d577e7a0b5f77cc251d7	1NCA	604017	https://files.rcsb.org/download/1NCA.pdb	skipped
/Users/suhaan/Documents/Coding/NovelRP/data/raw/skempi/pdbs/1PPF.pdb	600c895ba90f610f69de076651ab7727	1PPF	269244	https://files.rcsb.org/download/1PPF.pdb	skipped
/Users/suhaan/Documents/Coding/NovelRP/data/raw/skempi/pdbs/1OGA.pdb	3e71cbbd9afaac2b5b2fe222b1b3cac1	1OGA	645570	https://files.rcsb.org/download/1OGA.pdb	skipped
/Users/suhaan/Documents/Coding/NovelRP/data/raw/skempi/pdbs/1QAB.pdb	28f2511ddfa1e3993c66a17972d65538	1QAB	582714	https://files.rcsb.org/download/1QAB.pdb	skipped
/Users/suhaan/Documents/Coding/NovelRP/data/raw/skempi/pdbs/1REW.pdb	3c12510289916c4042f4eee756b17967	1REW	315252	https://files.rcsb.org/download/1REW.pdb	skipped
/Users/suhaan/Documents/Coding/NovelRP/data/raw/skempi/pdbs/1QRN.pdb	9fc0daa1accf46c47b6c5c59a54e99c0	1QRN	583362	https://files.rcsb.org/download/1QRN.pdb	skipped
/Users/suhaan/Documents/Coding/NovelRP/data/raw/skempi/pdbs/1QSE.pdb	61897d676aefbea8adad1ccd5e7fdab2	1QSE	577692	https://files.rcsb.org/download/1QSE.pdb	skipped
/Users/suhaan/Documents/Coding/NovelRP/data/raw/skempi/pdbs/1R0R.pdb	fd83c8a7d5bdf918db4aab3802250ce7	1R0R	504144	https://files.rcsb.org/download/1R0R.pdb	skipped
/Users/suhaan/Documents/Coding/NovelRP/data/raw/skempi/pdbs/1QSF.pdb	5268cbb43b53c8635869812347a735c7	1QSF	579555	https://files.rcsb.org/download/1QSF.pdb	skipped
/Users/suhaan/Documents/Coding/NovelRP/data/raw/skempi/pdbs/1KBH.pdb	5e0636cfb06851e34a7bad68de5bde03	1KBH	2712366	https://files.rcsb.org/download/1KBH.pdb	skipped
/Users/suhaan/Documents/Coding/NovelRP/data/raw/skempi/pdbs/1S0W.pdb	e617afcf5e20b450e7221c6b814052ae	1S0W	602964	https://files.rcsb.org/download/1S0W.pdb	skipped
/Users/suhaan/Documents/Coding/NovelRP/data/raw/skempi/pdbs/1SBN.pdb	7034cc00ad69c8993f4e1cf62c78f566	1SBN	276453	https://files.rcsb.org/download/1SBN.pdb	skipped
/Users/suhaan/Documents/Coding/NovelRP/data/raw/skempi/pdbs/1S1Q.pdb	76f477531718be5dbc1539d267a3b509	1S1Q	377298	https://files.rcsb.org/download/1S1Q.pdb	skipped
/Users/suhaan/Documents/Coding/NovelRP/data/raw/skempi/pdbs/1SGE.pdb	af1ab7bf4d20ae1cb96ada2c6ba00665	1SGE	184032	https://files.rcsb.org/download/1SGE.pdb	skipped
/Users/suhaan/Documents/Coding/NovelRP/data/raw/skempi/pdbs/1SGP.pdb	2540670f2ee09bbd3b6dfe520ae43ce5	1SGP	185409	https://files.rcsb.org/download/1SGP.pdb	skipped
/Users/suhaan/Documents/Coding/NovelRP/data/raw/skempi/pdbs/1SGD.pdb	d8701696074936c21d8f21cc81ce64ba	1SGD	184599	https://files.rcsb.org/download/1SGD.pdb	skipped
/Users/suhaan/Documents/Coding/NovelRP/data/raw/skempi/pdbs/1SGN.pdb	84127e7e8163d9b8ca44b3fb8f781fd1	1SGN	185409	https://files.rcsb.org/download/1SGN.pdb	skipped
/Users/suhaan/Documents/Coding/NovelRP/data/raw/skempi/pdbs/1SGQ.pdb	76ea7f2666eb25b9bba944736f386ef1	1SGQ	185571	https://files.rcsb.org/download/1SGQ.pdb	skipped
/Users/suhaan/Documents/Coding/NovelRP/data/raw/skempi/pdbs/1SBB.pdb	898e7fa0494dfbb5e0565b3fb0b0876c	1SBB	685422	https://files.rcsb.org/download/1SBB.pdb	skipped
/Users/suhaan/Documents/Coding/NovelRP/data/raw/skempi/pdbs/1SGY.pdb	08b09c1582073ae0669cd9135b77ae11	1SGY	181683	https://files.rcsb.org/download/1SGY.pdb	skipped
/Users/suhaan/Documents/Coding/NovelRP/data/raw/skempi/pdbs/1SIB.pdb	7b6b05919477876cc3286d9c42d9bf4b	1SIB	264870	https://files.rcsb.org/download/1SIB.pdb	skipped
/Users/suhaan/Documents/Coding/NovelRP/data/raw/skempi/pdbs/1SMF.pdb	257b9e0b87f032f24eb5b06c57c6662b	1SMF	227610	https://files.rcsb.org/download/1SMF.pdb	skipped
/Users/suhaan/Documents/Coding/NovelRP/data/raw/skempi/pdbs/1TM3.pdb	9430339072fae4bebad09b96f0c77ad7	1TM3	304479	https://files.rcsb.org/download/1TM3.pdb	skipped
/Users/suhaan/Documents/Coding/NovelRP/data/raw/skempi/pdbs/1TM4.pdb	131ff82c2197487fde0fc149c6c9af32	1TM4	302940	https://files.rcsb.org/download/1TM4.pdb	skipped
/Users/suhaan/Documents/Coding/NovelRP/data/raw/skempi/pdbs/1TM1.pdb	f54af4b2c237c392b3e8b676c2e4654d	1TM1	312822	https://files.rcsb.org/download/1TM1.pdb	skipped
/Users/suhaan/Documents/Coding/NovelRP/data/raw/skempi/pdbs/1TM7.pdb	5c928a08d8cf7f43033ce687959ee381	1TM7	312174	https://files.rcsb.org/download/1TM7.pdb	skipped
/Users/suhaan/Documents/Coding/NovelRP/data/raw/skempi/pdbs/1TMG.pdb	6fa2730f57d28e3ca245faa5b9baba8d	1TMG	311931	https://files.rcsb.org/download/1TMG.pdb	skipped
/Users/suhaan/Documents/Coding/NovelRP/data/raw/skempi/pdbs/1TM5.pdb	3ae3e28f7528ca81b3850c90ec2b2c9d	1TM5	310149	https://files.rcsb.org/download/1TM5.pdb	skipped
/Users/suhaan/Documents/Coding/NovelRP/data/raw/skempi/pdbs/1TO1.pdb	92af833a81025566e0bd86ddfcae66ee	1TO1	307233	https://files.rcsb.org/download/1TO1.pdb	skipped
/Users/suhaan/Documents/Coding/NovelRP/data/raw/skempi/pdbs/1VFB.pdb	e03a3cb418799d4a8b280e4e54fc3881	1VFB	316629	https://files.rcsb.org/download/1VFB.pdb	skipped
/Users/suhaan/Documents/Coding/NovelRP/data/raw/skempi/pdbs/1U7F.pdb	78421c807601c6633266adb34d7f0ec9	1U7F	458541	https://files.rcsb.org/download/1U7F.pdb	skipped
/Users/suhaan/Documents/Coding/NovelRP/data/raw/skempi/pdbs/1UUZ.pdb	ab2437d00558e400104ef84f556c0023	1UUZ	429867	https://files.rcsb.org/download/1UUZ.pdb	skipped
/Users/suhaan/Documents/Coding/NovelRP/data/raw/skempi/pdbs/1WQJ.pdb	4227a962ddf9949822853396dcd50443	1WQJ	225342	https://files.rcsb.org/download/1WQJ.pdb	skipped
/Users/suhaan/Documents/Coding/NovelRP/data/raw/skempi/pdbs/1X1X.pdb	9fe220b24193e1eef3cc5d7cfd0647b0	1X1X	461538	https://files.rcsb.org/download/1X1X.pdb	skipped
/Users/suhaan/Documents/Coding/NovelRP/data/raw/skempi/pdbs/1XGP.pdb	9649bc00a9f88a2e34bafd6263b4c2f5	1XGP	418203	https://files.rcsb.org/download/1XGP.pdb	skipped
/Users/suhaan/Documents/Coding/NovelRP/data/raw/skempi/pdbs/1X1W.pdb	40e8c1e8dfa0ea1e5571c529790276e2	1X1W	469152	https://files.rcsb.org/download/1X1W.pdb	skipped
/Users/suhaan/Documents/Coding/NovelRP/data/raw/skempi/pdbs/1XD3.pdb	695387906359aeb47161b5cb6393e465	1XD3	568377	https://files.rcsb.org/download/1XD3.pdb	skipped
/Users/suhaan/Documents/Coding/NovelRP/data/raw/skempi/pdbs/1XGQ.pdb	18499ef888a4e43adfb97829bdd26778	1XGQ	420471	https://files.rcsb.org/download/1XGQ.pdb	skipped
/Users/suhaan/Documents/Coding/NovelRP/data/raw/skempi/pdbs/1XGR.pdb	daa8dd98efc5c923b9c9af77626e02c5	1XGR	411156	https://files.rcsb.org/download/1XGR.pdb	skipped
/Users/suhaan/Documents/Coding/NovelRP/data/raw/skempi/pdbs/1XGT.pdb	4a0644040192c89ca2e5647d0ed535e8	1XGT	413910	https://files.rcsb.org/download/1XGT.pdb	skipped
/Users/suhaan/Documents/Coding/NovelRP/data/raw/skempi/pdbs/1XGU.pdb	1bcd812d2fd7e4325d93733f39bda390	1XGU	423468	https://files.rcsb.org/download/1XGU.pdb	skipped
/Users/suhaan/Documents/Coding/NovelRP/data/raw/skempi/pdbs/1Y34.pdb	26f68f7dce8987e8b54a5072dfff4a27	1Y34	315009	https://files.rcsb.org/download/1Y34.pdb	skipped
/Users/suhaan/Documents/Coding/NovelRP/data/raw/skempi/pdbs/1Y33.pdb	b5d18862b1af2a9cb6297e78fd7fa564	1Y33	310716	https://files.rcsb.org/download/1Y33.pdb	skipped
/Users/suhaan/Documents/Coding/NovelRP/data/raw/skempi/pdbs/1Y1K.pdb	9dbefd104a3653abf97ff3a9dcfbca46	1Y1K	311040	https://files.rcsb.org/download/1Y1K.pdb	skipped
/Users/suhaan/Documents/Coding/NovelRP/data/raw/skempi/pdbs/1XXM.pdb	42a6e9ee4309ecff058c15352372ff5d	1XXM	600858	https://files.rcsb.org/download/1XXM.pdb	skipped
/Users/suhaan/Documents/Coding/NovelRP/data/raw/skempi/pdbs/1Y3D.pdb	add99670212f50ecb63054d6e79a90cf	1Y3D	312417	https://files.rcsb.org/download/1Y3D.pdb	skipped
/Users/suhaan/Documents/Coding/NovelRP/data/raw/skempi/pdbs/1Y3B.pdb	a7fa81ad244b4a7b821ae51464c8460d	1Y3B	312579	https://files.rcsb.org/download/1Y3B.pdb	skipped
/Users/suhaan/Documents/Coding/NovelRP/data/raw/skempi/pdbs/1Y3C.pdb	fdd8708e3279285a482f8d6ef77ddc9a	1Y3C	311445	https://files.rcsb.org/download/1Y3C.pdb	skipped
/Users/suhaan/Documents/Coding/NovelRP/data/raw/skempi/pdbs/1Y48.pdb	a54ff3e5b4ed8dd80f495305f063bf70	1Y48	309339	https://files.rcsb.org/download/1Y48.pdb	skipped
/Users/suhaan/Documents/Coding/NovelRP/data/raw/skempi/pdbs/1Y4A.pdb	c63d68411d08f8c556c78eff994bdf3b	1Y4A	284877	https://files.rcsb.org/download/1Y4A.pdb	skipped
/Users/suhaan/Documents/Coding/NovelRP/data/raw/skempi/pdbs/1YCS.pdb	96e194d049d61055febdb0fddb25de85	1YCS	309258	https://files.rcsb.org/download/1YCS.pdb	skipped
/Users/suhaan/Documents/Coding/NovelRP/data/raw/skempi/pdbs/1YQV.pdb	72abd03db0dc755ff3c9ef3f61653c7d	1YQV	431244	https://files.rcsb.org/download/1YQV.pdb	skipped
/Users/suhaan/Documents/Coding/NovelRP/data/raw/skempi/pdbs/2A9K.pdb	06ddb11a74249f3aeafd10eb058a752b	2A9K	316872	https://files.rcsb.org/download/2A9K.pdb	skipped
/Users/suhaan/Documents/Coding/NovelRP/data/raw/skempi/pdbs/1YY9.pdb	4c05eacd37905b3e5abc252c03f17a5e	1YY9	752571	https://files.rcsb.org/download/1YY9.pdb	skipped
/Users/suhaan/Documents/Coding/NovelRP/data/raw/skempi/pdbs/2AW2.pdb	8611550e732ec9f1f0eba0b43e6841de	2AW2	332424	https://files.rcsb.org/download/2AW2.pdb	skipped
/Users/suhaan/Documents/Coding/NovelRP/data/raw/skempi/pdbs/2ABZ.pdb	80de4d4c65d73cf131cb5b7a229dcb07	2ABZ	588141	https://files.rcsb.org/download/2ABZ.pdb	skipped
/Users/suhaan/Documents/Coding/NovelRP/data/raw/skempi/pdbs/2B0Z.pdb	404ae701b8941ea1a7258089ca6aae99	2B0Z	330480	https://files.rcsb.org/download/2B0Z.pdb	skipped
/Users/suhaan/Documents/Coding/NovelRP/data/raw/skempi/pdbs/1Z7X.pdb	fe3415aa8c3c98e5ecfb039f4fd5837d	1Z7X	848637	https://files.rcsb.org/download/1Z7X.pdb	skipped
/Users/suhaan/Documents/Coding/NovelRP/data/raw/skempi/pdbs/2B0U.pdb	ec9b0643e744f0f529ec91f566ec2c15	2B0U	560034	https://files.rcsb.org/download/2B0U.pdb	skipped
/Users/suhaan/Documents/Coding/NovelRP/data/raw/skempi/pdbs/2B12.pdb	c2b0c3b4751bead9b87eebb86195d55c	2B12	328860	https://files.rcsb.org/download/2B12.pdb	skipped
/Users/suhaan/Documents/Coding/NovelRP/data/raw/skempi/pdbs/2AJF.pdb	357559ae22beeb582170c6ed0f4e8a5e	2AJF	1135539	https://files.rcsb.org/download/2AJF.pdb	skipped
/Users/suhaan/Documents/Coding/NovelRP/data/raw/skempi/pdbs/2B10.pdb	c2151491c64211c3f46143151b01c50d	2B10	610254	https://files.rcsb.org/download/2B10.pdb	skipped
/Users/suhaan/Documents/Coding/NovelRP/data/raw/skempi/pdbs/2B42.pdb	641318851072ab98ee68ad27dee57955	2B42	375111	https://files.rcsb.org/download/2B42.pdb	skipped
/Users/suhaan/Documents/Coding/NovelRP/data/raw/skempi/pdbs/2BDN.pdb	02bdafd352808f1275d8fb0c096bee45	2BDN	356319	https://files.rcsb.org/download/2BDN.pdb	skipped
/Users/suhaan/Documents/Coding/NovelRP/data/raw/skempi/pdbs/2B11.pdb	ee0e370b7d4c327b79f0e56e24d9ad40	2B11	649458	https://files.rcsb.org/download/2B11.pdb	skipped
/Users/suhaan/Documents/Coding/NovelRP/data/raw/skempi/pdbs/2BNQ.pdb	5060e8d5b85e9c34734c4cc3c94f5dea	2BNQ	643221	https://files.rcsb.org/download/2BNQ.pdb	skipped
/Users/suhaan/Documents/Coding/NovelRP/data/raw/skempi/pdbs/2B2X.pdb	45738a2a7f33bfcf71d758414e172f00	2B2X	845559	https://files.rcsb.org/download/2B2X.pdb	skipped
/Users/suhaan/Documents/Coding/NovelRP/data/raw/skempi/pdbs/2C0L.pdb	219b3005469b3aa660f3f8ba99498a1d	2C0L	303669	https://files.rcsb.org/download/2C0L.pdb	skipped
/Users/suhaan/Documents/Coding/NovelRP/data/raw/skempi/pdbs/2CCL.pdb	07c6cf280894acd9e5dab921b40f8b5f	2CCL	359721	https://files.rcsb.org/download/2CCL.pdb	skipped
/Users/suhaan/Documents/Coding/NovelRP/data/raw/skempi/pdbs/2BTF.pdb	0a7094e6cdbf15f5e6c90bbe2353a94c	2BTF	378756	https://files.rcsb.org/download/2BTF.pdb	skipped
/Users/suhaan/Documents/Coding/NovelRP/data/raw/skempi/pdbs/2BNR.pdb	1a47d57df42b8df5e20d75f3628c82de	2BNR	640629	https://files.rcsb.org/download/2BNR.pdb	skipped
/Users/suhaan/Documents/Coding/NovelRP/data/raw/skempi/pdbs/2DVW.pdb	4bb6eecb4e34a8387afd6323dbed37d5	2DVW	241947	https://files.rcsb.org/download/2DVW.pdb	skipped
/Users/suhaan/Documents/Coding/NovelRP/data/raw/skempi/pdbs/2DSQ.pdb	de1fb7e727276f4b20b5e9c53d0c885d	2DSQ	301320	https://files.rcsb.org/download/2DSQ.pdb	skipped
/Users/suhaan/Documents/Coding/NovelRP/data/raw/skempi/pdbs/2FTL.pdb	cbb24fb1b027163421e926a78778bf34	2FTL	269730	https://files.rcsb.org/download/2FTL.pdb	skipped
/Users/suhaan/Documents/Coding/NovelRP/data/raw/skempi/pdbs/2C5D.pdb	1e92b9e05fa160b660a6482650378422	2C5D	793557	https://files.rcsb.org/download/2C5D.pdb	skipped
/Users/suhaan/Documents/Coding/NovelRP/data/raw/skempi/pdbs/2G2W.pdb	8f2fccac7dc2ddb5c7cbda945f38dadb	2G2W	316224	https://files.rcsb.org/download/2G2W.pdb	skipped
/Users/suhaan/Documents/Coding/NovelRP/data/raw/skempi/pdbs/2AK4.pdb	6a3ac46fed6f2f74b3417ac3241466e0	2AK4	2297322	https://files.rcsb.org/download/2AK4.pdb	skipped
/Users/suhaan/Documents/Coding/NovelRP/data/raw/skempi/pdbs/2G2U.pdb	063b28d27db4f9b01fc89e1f6b9555d8	2G2U	327402	https://files.rcsb.org/download/2G2U.pdb	skipped
/Users/suhaan/Documents/Coding/NovelRP/data/raw/skempi/pdbs/2E7L.pdb	21105b51fa443f87871c83302e352740	2E7L	601425	https://files.rcsb.org/download/2E7L.pdb	skipped
/Users/suhaan/Documents/Coding/NovelRP/data/raw/skempi/pdbs/2HRK.pdb	de2b428ab14bcf6fa6a2d24307d6500c	2HRK	245268	https://files.rcsb.org/download/2HRK.pdb	skipped
/Users/suhaan/Documents/Coding/NovelRP/data/raw/skempi/pdbs/2HLE.pdb	355461d53e94a349d86756f0e22f62a9	2HLE	260496	https://files.rcsb.org/download/2HLE.pdb	skipped
/Users/suhaan/Documents/Coding/NovelRP/data/raw/skempi/pdbs/2GYK.pdb	dffad68e47686b256d761da8759eee62	2GYK	380376	https://files.rcsb.org/download/2GYK.pdb	skipped
/Users/suhaan/Documents/Coding/NovelRP/data/raw/skempi/pdbs/2GOX.pdb	9fef4c4331d4b28798d33e8bf9804250	2GOX	530793	https://files.rcsb.org/download/2GOX.pdb	skipped
/Users/suhaan/Documents/Coding/NovelRP/data/raw/skempi/pdbs/2I26.pdb	8aaa4e602276a8b1b6c9614f5ea00cfd	2I26	531765	https://files.rcsb.org/download/2I26.pdb	skipped
/Users/suhaan/Documents/Coding/NovelRP/data/raw/skempi/pdbs/2J12.pdb	1047fed38d56c2d877c9920189cc335a	2J12	502281	https://files.rcsb.org/download/2J12.pdb	skipped
/Users/suhaan/Documents/Coding/NovelRP/data/raw/skempi/pdbs/2J0T.pdb	19995498b3c67bef37fc0fe95112214a	2J0T	641844	https://files.rcsb.org/download/2J0T.pdb	skipped
/Users/suhaan/Documents/Coding/NovelRP/data/raw/skempi/pdbs/2JEL.pdb	9a050fe2fe909ad63673a742418a4991	2JEL	364014	https://files.rcsb.org/download/2JEL.pdb	skipped
/Users/suhaan/Documents/Coding/NovelRP/data/raw/skempi/pdbs/2NU0.pdb	ee13b62d74e94d6897cfa451afaa9b43	2NU0	176337	https://files.rcsb.org/download/2NU0.pdb	skipped
/Users/suhaan/Documents/Coding/NovelRP/data/raw/skempi/pdbs/2NU1.pdb	62856a287bc98f18a7b204d05b2dd0af	2NU1	178200	https://files.rcsb.org/download/2NU1.pdb	skipped
/Users/suhaan/Documents/Coding/NovelRP/data/raw/skempi/pdbs/2NU2.pdb	845d1d8913a0ae1de356109c960fe879	2NU2	181521	https://files.rcsb.org/download/2NU2.pdb	skipped
/Users/suhaan/Documents/Coding/NovelRP/data/raw/skempi/pdbs/2NU4.pdb	06ffb86f6da247c1a228ddfaa658bb6a	2NU4	180549	https://files.rcsb.org/download/2NU4.pdb	skipped
/Users/suhaan/Documents/Coding/NovelRP/data/raw/skempi/pdbs/2NOJ.pdb	ce514924db6fd72fe76837e9116755b1	2NOJ	918783	https://files.rcsb.org/download/2NOJ.pdb	skipped
/Users/suhaan/Documents/Coding/NovelRP/data/raw/skempi/pdbs/2J8U.pdb	364d4d57d1d194d15cde57145559f948	2J8U	1192401	https://files.rcsb.org/download/2J8U.pdb	skipped
/Users/suhaan/Documents/Coding/NovelRP/data/raw/skempi/pdbs/2JCC.pdb	2bed555fc899bd8d75d0f643f29442bc	2JCC	1153521	https://files.rcsb.org/download/2JCC.pdb	skipped
/Users/suhaan/Documents/Coding/NovelRP/data/raw/skempi/pdbs/2OOB.pdb	2936ae2fe67a87a7c3e218a094a17ede	2OOB	117369	https://files.rcsb.org/download/2OOB.pdb	skipped
/Users/suhaan/Documents/Coding/NovelRP/data/raw/skempi/pdbs/2O3B.pdb	457250862763d42602de351fb77b00b5	2O3B	306828	https://files.rcsb.org/download/2O3B.pdb	skipped
/Users/suhaan/Documents/Coding/NovelRP/data/raw/skempi/pdbs/2OI9.pdb	f2a686bae5259d4913efd523be4fad2f	2OI9	318168	https://files.rcsb.org/download/2OI9.pdb	skipped
/Users/suhaan/Documents/Coding/NovelRP/data/raw/skempi/pdbs/2NY7.pdb	86c8cff10680b41d5100f3a2a20a714b	2NY7	1064259	https://files.rcsb.org/download/2NY7.pdb	skipped
/Users/suhaan/Documents/Coding/NovelRP/data/raw/skempi/pdbs/2NYY.pdb	96093ca67c54f1be1ea4ef9e7c9f3b1b	2NYY	1218321	https://files.rcsb.org/download/2NYY.pdb	skipped
/Users/suhaan/Documents/Coding/NovelRP/data/raw/skempi/pdbs/2PCB.pdb	477db5b369876e702ac3e3fee918e79a	2PCB	556956	https://files.rcsb.org/download/2PCB.pdb	skipped
/Users/suhaan/Documents/Coding/NovelRP/data/raw/skempi/pdbs/2P5E.pdb	c05933b410f462a457228fb1f4492f29	2P5E	681777	https://files.rcsb.org/download/2P5E.pdb	skipped
/Users/suhaan/Documents/Coding/NovelRP/data/raw/skempi/pdbs/2J1K.pdb	e8fc323a45438fc549937bf6d1ba18bb	2J1K	2602449	https://files.rcsb.org/download/2J1K.pdb	skipped
/Users/suhaan/Documents/Coding/NovelRP/data/raw/skempi/pdbs/2PCC.pdb	1f3452d81bae68eae7fd5fed0a701fec	2PCC	650187	https://files.rcsb.org/download/2PCC.pdb	skipped
/Users/suhaan/Documents/Coding/NovelRP/data/raw/skempi/pdbs/2KSO.pdb	e00ec8fe2a4cf2621f03f0eb3aa39d60	2KSO	2436804	https://files.rcsb.org/download/2KSO.pdb	skipped
/Users/suhaan/Documents/Coding/NovelRP/data/raw/skempi/pdbs/2QJ9.pdb	d806204550723629458e4fd9b0b1fd50	2QJ9	318735	https://files.rcsb.org/download/2QJ9.pdb	skipped
/Users/suhaan/Documents/Coding/NovelRP/data/raw/skempi/pdbs/2PYE.pdb	e147014802cfb10ec446f762c68f3160	2PYE	655857	https://files.rcsb.org/download/2PYE.pdb	skipped
/Users/suhaan/Documents/Coding/NovelRP/data/raw/skempi/pdbs/2SGP.pdb	c581e32c79feac5373f53e0203c82b1e	2SGP	184275	https://files.rcsb.org/download/2SGP.pdb	skipped
/Users/suhaan/Documents/Coding/NovelRP/data/raw/skempi/pdbs/2QJA.pdb	c3de74acf88c8b0412e5e5f67304ea66	2QJA	308772	https://files.rcsb.org/download/2QJA.pdb	skipped
/Users/suhaan/Documents/Coding/NovelRP/data/raw/skempi/pdbs/2SGQ.pdb	5d3acefae4e00ab5deca791e1e7a8d90	2SGQ	181764	https://files.rcsb.org/download/2SGQ.pdb	skipped
/Users/suhaan/Documents/Coding/NovelRP/data/raw/skempi/pdbs/2QJB.pdb	040be047c86e4729fd3e40293a081292	2QJB	308610	https://files.rcsb.org/download/2QJB.pdb	skipped
/Users/suhaan/Documents/Coding/NovelRP/data/raw/skempi/pdbs/2REX.pdb	9ef2acc6d6aa18dbf34954bd45771bac	2REX	448659	https://files.rcsb.org/download/2REX.pdb	skipped
/Users/suhaan/Documents/Coding/NovelRP/data/raw/skempi/pdbs/2SIC.pdb	eacf2c9ceaf67b1b4ca30b88a7180c49	2SIC	285849	https://files.rcsb.org/download/2SIC.pdb	skipped
/Users/suhaan/Documents/Coding/NovelRP/data/raw/skempi/pdbs/2NZ9.pdb	70c960dcb6997cf000c123a2a215a999	2NZ9	2326077	https://files.rcsb.org/download/2NZ9.pdb	skipped
/Users/suhaan/Documents/Coding/NovelRP/data/raw/skempi/pdbs/2VLN.pdb	375b9615dc5903d2b13665ee4b60749c	2VLN	209304	https://files.rcsb.org/download/2VLN.pdb	skipped
/Users/suhaan/Documents/Coding/NovelRP/data/raw/skempi/pdbs/2VLO.pdb	a6a096a807c38056c1e27ae8254d045b	2VLO	207522	https://files.rcsb.org/download/2VLO.pdb	skipped
/Users/suhaan/Documents/Coding/NovelRP/data/raw/skempi/pdbs/2VLP.pdb	adca0aadf4998477e2a703033cfe3ef5	2VLP	197802	https://files.rcsb.org/download/2VLP.pdb	skipped
/Users/suhaan/Documents/Coding/NovelRP/data/raw/skempi/pdbs/2VLQ.pdb	3fd4b58a5697062f105e9b76c128c5c6	2VLQ	207684	https://files.rcsb.org/download/2VLQ.pdb	skipped
/Users/suhaan/Documents/Coding/NovelRP/data/raw/skempi/pdbs/2VIR.pdb	379045f3109b84ed8a74e2351cd130a4	2VIR	489483	https://files.rcsb.org/download/2VIR.pdb	skipped
/Users/suhaan/Documents/Coding/NovelRP/data/raw/skempi/pdbs/2VIS.pdb	6c70767e0b216ecafe0447cdcbf14e8e	2VIS	492399	https://files.rcsb.org/download/2VIS.pdb	skipped
/Users/suhaan/Documents/Coding/NovelRP/data/raw/skempi/pdbs/2WPT.pdb	99bf9932666da2885e4815e28837a89f	2WPT	181035	https://files.rcsb.org/download/2WPT.pdb	skipped
/Users/suhaan/Documents/Coding/NovelRP/data/raw/skempi/pdbs/2VN5.pdb	c0319775ef127fdf4ed424cf4d223844	2VN5	321975	https://files.rcsb.org/download/2VN5.pdb	skipped
/Users/suhaan/Documents/Coding/NovelRP/data/raw/skempi/pdbs/3AAA.pdb	9cfa0990425f793f29fdce3c907babc5	3AAA	483975	https://files.rcsb.org/download/3AAA.pdb	skipped
/Users/suhaan/Documents/Coding/NovelRP/data/raw/skempi/pdbs/3BDY.pdb	f883111e95b00995f88e30bdfe74bc15	3BDY	388233	https://files.rcsb.org/download/3BDY.pdb	skipped
/Users/suhaan/Documents/Coding/NovelRP/data/raw/skempi/pdbs/2UWE.pdb	66b248425bf7f51e8351b97b656fb83d	2UWE	1210950	https://files.rcsb.org/download/2UWE.pdb	skipped
/Users/suhaan/Documents/Coding/NovelRP/data/raw/skempi/pdbs/3BK3.pdb	aa03fd652b28a07467491c445c14dcd0	3BK3	256527	https://files.rcsb.org/download/3BK3.pdb	skipped
/Users/suhaan/Documents/Coding/NovelRP/data/raw/skempi/pdbs/3BE1.pdb	df2d5508e84ae1f1b7542fe2f1e69ed6	3BE1	710775	https://files.rcsb.org/download/3BE1.pdb	skipped
/Users/suhaan/Documents/Coding/NovelRP/data/raw/skempi/pdbs/3B4V.pdb	1cd50cbae494bea038e2f908c34c177a	3B4V	904041	https://files.rcsb.org/download/3B4V.pdb	skipped
/Users/suhaan/Documents/Coding/NovelRP/data/raw/skempi/pdbs/3BTD.pdb	4fe486c20cfc3f37db29bfd3ddefeb10	3BTD	219267	https://files.rcsb.org/download/3BTD.pdb	skipped
/Users/suhaan/Documents/Coding/NovelRP/data/raw/skempi/pdbs/2VLR.pdb	e5d7c52e25b7bd759cb6494923171bc9	2VLR	1247562	https://files.rcsb.org/download/2VLR.pdb	skipped
/Users/suhaan/Documents/Coding/NovelRP/data/raw/skempi/pdbs/3BT1.pdb	ab08c910897580e16640059925005bd3	3BT1	339633	https://files.rcsb.org/download/3BT1.pdb	skipped
/Users/suhaan/Documents/Coding/NovelRP/data/raw/skempi/pdbs/3BTE.pdb	ea200494a9ba8dfc8d2838d59dac2003	3BTE	220725	https://files.rcsb.org/download/3BTE.pdb	skipped
/Users/suhaan/Documents/Coding/NovelRP/data/raw/skempi/pdbs/3BTF.pdb	79de8d33260e4f5bffcbcb888e08ce5a	3BTF	220239	https://files.rcsb.org/download/3BTF.pdb	skipped
/Users/suhaan/Documents/Coding/NovelRP/data/raw/skempi/pdbs/3BTG.pdb	6a4efe60c8bfb26ba16eabcdc95e676a	3BTG	220806	https://files.rcsb.org/download/3BTG.pdb	skipped
/Users/suhaan/Documents/Coding/NovelRP/data/raw/skempi/pdbs/3BP8.pdb	2e133dbf68abf51843f07f78f9bd82fc	3BP8	621999	https://files.rcsb.org/download/3BP8.pdb	skipped
/Users/suhaan/Documents/Coding/NovelRP/data/raw/skempi/pdbs/3BTH.pdb	f482650dcb43bfc5e856245bb7b2ff40	3BTH	219105	https://files.rcsb.org/download/3BTH.pdb	skipped
/Users/suhaan/Documents/Coding/NovelRP/data/raw/skempi/pdbs/3BTM.pdb	c7b82e7145a46dd4b94a3608b4f58016	3BTM	219024	https://files.rcsb.org/download/3BTM.pdb	skipped
/Users/suhaan/Documents/Coding/NovelRP/data/raw/skempi/pdbs/3BTQ.pdb	848738947b51052aa350766d6717d315	3BTQ	221373	https://files.rcsb.org/download/3BTQ.pdb	skipped
/Users/suhaan/Documents/Coding/NovelRP/data/raw/skempi/pdbs/3BTW.pdb	7cab48c7bfcb0722d21d6a6df18f778b	3BTW	217809	https://files.rcsb.org/download/3BTW.pdb	skipped
/Users/suhaan/Documents/Coding/NovelRP/data/raw/skempi/pdbs/3BTT.pdb	7843aa76e97ec6bba667238dbd4783a8	3BTT	220887	https://files.rcsb.org/download/3BTT.pdb	skipped
/Users/suhaan/Documents/Coding/NovelRP/data/raw/skempi/pdbs/3BIW.pdb	fb39c1c645a4bb379ce05ecdcb0dac41	3BIW	1972431	https://files.rcsb.org/download/3BIW.pdb	skipped
/Users/suhaan/Documents/Coding/NovelRP/data/raw/skempi/pdbs/3BX1.pdb	aa8b7147562d7db26d9de7e9089743f5	3BX1	675783	https://files.rcsb.org/download/3BX1.pdb	skipped
/Users/suhaan/Documents/Coding/NovelRP/data/raw/skempi/pdbs/3D5R.pdb	a14156382ff03b3a740930fd95fe646e	3D5R	512730	https://files.rcsb.org/download/3D5R.pdb	skipped
/Users/suhaan/Documents/Coding/NovelRP/data/raw/skempi/pdbs/3EQS.pdb	9c445c1d90789c8d4eae6d73a5f99b8d	3EQS	114534	https://files.rcsb.org/download/3EQS.pdb	skipped
/Users/suhaan/Documents/Coding/NovelRP/data/raw/skempi/pdbs/3D5S.pdb	ff20ccf5e09aac6f71caf5bba5c3ef63	3D5S	511353	https://files.rcsb.org/download/3D5S.pdb	skipped
/Users/suhaan/Documents/Coding/NovelRP/data/raw/skempi/pdbs/3D3V.pdb	8e15f1cbad870235bebdd4fbf7497364	3D3V	616815	https://files.rcsb.org/download/3D3V.pdb	skipped
/Users/suhaan/Documents/Coding/NovelRP/data/raw/skempi/pdbs/3EQY.pdb	6085c430205270cdf4f78042251bd3b5	3EQY	199827	https://files.rcsb.org/download/3EQY.pdb	skipped
/Users/suhaan/Documents/Coding/NovelRP/data/raw/skempi/pdbs/3BN9.pdb	0f8c2f0ba0098ec2212fe38e3a7f345c	3BN9	1819341	https://files.rcsb.org/download/3BN9.pdb	skipped
/Users/suhaan/Documents/Coding/NovelRP/data/raw/skempi/pdbs/3EG5.pdb	5205fb416de13b982bad8df56114c631	3EG5	738153	https://files.rcsb.org/download/3EG5.pdb	skipped
/Users/suhaan/Documents/Coding/NovelRP/data/raw/skempi/pdbs/3G6D.pdb	de129f4f6e9226a515a4ccf77ed0d28b	3G6D	373248	https://files.rcsb.org/download/3G6D.pdb	skipped
/Users/suhaan/Documents/Coding/NovelRP/data/raw/skempi/pdbs/3C60.pdb	6b386da786896061a05ff35c8a9660c4	3C60	1131651	https://files.rcsb.org/download/3C60.pdb	skipped
/Users/suhaan/Documents/Coding/NovelRP/data/raw/skempi/pdbs/3HFM.pdb	50f41326f4d524524aa4f7683871fd5a	3HFM	390825	https://files.rcsb.org/download/3HFM.pdb	skipped
/Users/suhaan/Documents/Coding/NovelRP/data/raw/skempi/pdbs/3F1S.pdb	2493751dc38ce8f161b5716cf69304cf	3F1S	472959	https://files.rcsb.org/download/3F1S.pdb	skipped
/Users/suhaan/Documents/Coding/NovelRP/data/raw/skempi/pdbs/3H9S.pdb	2ed486577bc59feb2355c265809e1fb1	3H9S	615114	https://files.rcsb.org/download/3H9S.pdb	skipped
/Users/suhaan/Documents/Coding/NovelRP/data/raw/skempi/pdbs/3HG1.pdb	43866bf4c40b3e6ad5b66e433ac5ba6e	3HG1	595998	https://files.rcsb.org/download/3HG1.pdb	skipped
/Users/suhaan/Documents/Coding/NovelRP/data/raw/skempi/pdbs/3HH2.pdb	237c83982968dcbaff0a77225b31e121	3HH2	626697	https://files.rcsb.org/download/3HH2.pdb	skipped
/Users/suhaan/Documents/Coding/NovelRP/data/raw/skempi/pdbs/3KUD.pdb	efc08944e2770c840e8dbff4c8d34cf5	3KUD	214164	https://files.rcsb.org/download/3KUD.pdb	skipped
/Users/suhaan/Documents/Coding/NovelRP/data/raw/skempi/pdbs/3L5X.pdb	54c886fb88881c1b7efec32a31448c29	3L5X	408807	https://files.rcsb.org/download/3L5X.pdb	skipped
/Users/suhaan/Documents/Coding/NovelRP/data/raw/skempi/pdbs/3MZG.pdb	a5970daaa0cc7dbecbff10999fa48101	3MZG	332262	https://files.rcsb.org/download/3MZG.pdb	skipped
/Users/suhaan/Documents/Coding/NovelRP/data/raw/skempi/pdbs/3LNZ.pdb	e57e237fe64fca8e31f6fec47360b6ad	3LNZ	633420	https://files.rcsb.org/download/3LNZ.pdb	skipped
/Users/suhaan/Documents/Coding/NovelRP/data/raw/skempi/pdbs/3LZF.pdb	f05419f1898fd7084dbedeb5b1d10b95	3LZF	663714	https://files.rcsb.org/download/3LZF.pdb	skipped
/Users/suhaan/Documents/Coding/NovelRP/data/raw/skempi/pdbs/3IDX.pdb	83e36bc46f56ea4ba0b7ff1636878679	3IDX	1059237	https://files.rcsb.org/download/3IDX.pdb	skipped
/Users/suhaan/Documents/Coding/NovelRP/data/raw/skempi/pdbs/3LB6.pdb	d67f3baf18e157d70aabfa825f4c95e7	3LB6	1041093	https://files.rcsb.org/download/3LB6.pdb	skipped
/Users/suhaan/Documents/Coding/NovelRP/data/raw/skempi/pdbs/3M63.pdb	21bbc13a29377f26b737baffbfa49b85	3M63	751599	https://files.rcsb.org/download/3M63.pdb	skipped
/Users/suhaan/Documents/Coding/NovelRP/data/raw/skempi/pdbs/3M62.pdb	ce5c155c49a39b416d4c0cd63d617164	3M62	763344	https://files.rcsb.org/download/3M62.pdb	skipped
/Users/suhaan/Documents/Coding/NovelRP/data/raw/skempi/pdbs/3N0P.pdb	eef8e4190ad7833183eedbc4fb9aaf57	3N0P	338499	https://files.rcsb.org/download/3N0P.pdb	skipped
/Users/suhaan/Documents/Coding/NovelRP/data/raw/skempi/pdbs/3N06.pdb	4f7de738c64d6b434288f3320141695f	3N06	327564	https://files.rcsb.org/download/3N06.pdb	skipped
/Users/suhaan/Documents/Coding/NovelRP/data/raw/skempi/pdbs/3N4I.pdb	a516232215f50ada1ed1e9d32856b7f5	3N4I	327888	https://files.rcsb.org/download/3N4I.pdb	skipped
/Users/suhaan/Documents/Coding/NovelRP/data/raw/skempi/pdbs/3NCB.pdb	a2eb813ba11ee17aef191cfc300f2225	3NCB	341010	https://files.rcsb.org/download/3NCB.pdb	skipped
/Users/suhaan/Documents/Coding/NovelRP/data/raw/skempi/pdbs/3NCC.pdb	d84ae54a340a0c9439b95ff4bb8c4912	3NCC	328941	https://files.rcsb.org/download/3NCC.pdb	skipped
/Users/suhaan/Documents/Coding/NovelRP/data/raw/skempi/pdbs/3MZW.pdb	55e9140d834dcaecd9851ba3da66deb3	3MZW	854469	https://files.rcsb.org/download/3MZW.pdb	skipped
/Users/suhaan/Documents/Coding/NovelRP/data/raw/skempi/pdbs/3KBH.pdb	34b47f95ce10c81fc1c4a5420c881e2d	3KBH	1993977	https://files.rcsb.org/download/3KBH.pdb	skipped
/Users/suhaan/Documents/Coding/NovelRP/data/raw/skempi/pdbs/3NVN.pdb	aadf8f6f4f33e046a0b4127ba10e722b	3NVN	656667	https://files.rcsb.org/download/3NVN.pdb	skipped
/Users/suhaan/Documents/Coding/NovelRP/data/raw/skempi/pdbs/3Q8D.pdb	02ab62f9bc6eef8264e44797c497e12f	3Q8D	372519	https://files.rcsb.org/download/3Q8D.pdb	skipped
/Users/suhaan/Documents/Coding/NovelRP/data/raw/skempi/pdbs/3Q3J.pdb	e9941bfa4d0e57ab3ffb592c674659b1	3Q3J	398925	https://files.rcsb.org/download/3Q3J.pdb	skipped
/Users/suhaan/Documents/Coding/NovelRP/data/raw/skempi/pdbs/3N85.pdb	7e510adebd9ecf4565d79fbc367a9bf6	3N85	1407051	https://files.rcsb.org/download/3N85.pdb	skipped
/Users/suhaan/Documents/Coding/NovelRP/data/raw/skempi/pdbs/3PWP.pdb	00059d198499b198935b215799fc230f	3PWP	604746	https://files.rcsb.org/download/3PWP.pdb	skipped
/Users/suhaan/Documents/Coding/NovelRP/data/raw/skempi/pdbs/3NPS.pdb	a737279ca6fffd23381d7024a5194e38	3NPS	971433	https://files.rcsb.org/download/3NPS.pdb	skipped
/Users/suhaan/Documents/Coding/NovelRP/data/raw/skempi/pdbs/3QHY.pdb	b9b0f4bffff7d202fafc520f784ce8fc	3QHY	393012	https://files.rcsb.org/download/3QHY.pdb	skipped
/Users/suhaan/Documents/Coding/NovelRP/data/raw/skempi/pdbs/3QIB.pdb	21e4ac6bf8acd3fdf1b0a003c52bfc2a	3QIB	595836	https://files.rcsb.org/download/3QIB.pdb	skipped
/Users/suhaan/Documents/Coding/NovelRP/data/raw/skempi/pdbs/3NVQ.pdb	79884ffc4cb119cd6b22283bc91016e8	3NVQ	1546128	https://files.rcsb.org/download/3NVQ.pdb	skipped
/Users/suhaan/Documents/Coding/NovelRP/data/raw/skempi/pdbs/3QDG.pdb	1e7fa29651d181828da367c562e2c9c0	3QDG	1129626	https://files.rcsb.org/download/3QDG.pdb	skipped
/Users/suhaan/Documents/Coding/NovelRP/data/raw/skempi/pdbs/3QDJ.pdb	bc7dc47bb8bc68105f36da6a1f02baf2	3QDJ	1132137	https://files.rcsb.org/download/3QDJ.pdb	skipped
/Users/suhaan/Documents/Coding/NovelRP/data/raw/skempi/pdbs/3QFJ.pdb	b2f63d9820b829a9192a6633e015ee09	3QFJ	1162188	https://files.rcsb.org/download/3QFJ.pdb	skipped
/Users/suhaan/Documents/Coding/NovelRP/data/raw/skempi/pdbs/3S9D.pdb	8595b812f7d454b13610a48ea35914e8	3S9D	490617	https://files.rcsb.org/download/3S9D.pdb	skipped
/Users/suhaan/Documents/Coding/NovelRP/data/raw/skempi/pdbs/3SE3.pdb	8d828771951a83328732f5c00f37ef4f	3SE3	801981	https://files.rcsb.org/download/3SE3.pdb	skipped
/Users/suhaan/Documents/Coding/NovelRP/data/raw/skempi/pdbs/3SE4.pdb	62f0198f5f6722fe249b6cc06b28fd54	3SE4	869697	https://files.rcsb.org/download/3SE4.pdb	skipped
/Users/suhaan/Documents/Coding/NovelRP/data/raw/skempi/pdbs/3SEK.pdb	41a31d7e958da45f43305b4c06d554c4	3SEK	435942	https://files.rcsb.org/download/3SEK.pdb	skipped
/Users/suhaan/Documents/Coding/NovelRP/data/raw/skempi/pdbs/3R9A.pdb	ce7ec69b4303cedeb9bebf3c10e45da1	3R9A	1853199	https://files.rcsb.org/download/3R9A.pdb	skipped
/Users/suhaan/Documents/Coding/NovelRP/data/raw/skempi/pdbs/3SGB.pdb	a183aa564eb6d002a315febbc7a5a678	3SGB	188325	https://files.rcsb.org/download/3SGB.pdb	skipped
/Users/suhaan/Documents/Coding/NovelRP/data/raw/skempi/pdbs/3RF3.pdb	7e85ede53fbfe29b82cfe9fd660790a3	3RF3	1595376	https://files.rcsb.org/download/3RF3.pdb	skipped
/Users/suhaan/Documents/Coding/NovelRP/data/raw/skempi/pdbs/3TGK.pdb	2358e6a5c307a4983dc323b2b388bb5f	3TGK	228015	https://files.rcsb.org/download/3TGK.pdb	skipped
/Users/suhaan/Documents/Coding/NovelRP/data/raw/skempi/pdbs/3SF4.pdb	c2888b3654f9bb6290548f3f3e18a172	3SF4	820044	https://files.rcsb.org/download/3SF4.pdb	skipped
/Users/suhaan/Documents/Coding/NovelRP/data/raw/skempi/pdbs/3SE8.pdb	436b81b12182748f3218ef392dc18444	3SE8	1633122	https://files.rcsb.org/download/3SE8.pdb	skipped
/Users/suhaan/Documents/Coding/NovelRP/data/raw/skempi/pdbs/3UIG.pdb	81668cd4390ce8ae36b4889f17c3f951	3UIG	426141	https://files.rcsb.org/download/3UIG.pdb	skipped
/Users/suhaan/Documents/Coding/NovelRP/data/raw/skempi/pdbs/3U82.pdb	d58c451e969ebda0e9bc02e84988b957	3U82	726408	https://files.rcsb.org/download/3U82.pdb	skipped
/Users/suhaan/Documents/Coding/NovelRP/data/raw/skempi/pdbs/3SE9.pdb	82a3c027a7227c684a62b0e614cf32f5	3SE9	1596024	https://files.rcsb.org/download/3SE9.pdb	skipped
/Users/suhaan/Documents/Coding/NovelRP/data/raw/skempi/pdbs/3UIH.pdb	ecd7f189e82cac0b71396df401ea6a5b	3UIH	414639	https://files.rcsb.org/download/3UIH.pdb	skipped
/Users/suhaan/Documents/Coding/NovelRP/data/raw/skempi/pdbs/3UII.pdb	e465dfa082ba31b6c0c16c27e2c0e994	3UII	419499	https://files.rcsb.org/download/3UII.pdb	skipped
/Users/suhaan/Documents/Coding/NovelRP/data/raw/skempi/pdbs/3NGB.pdb	15fe05a062a771d4401562f9bfe6fc25	3NGB	4271454	https://files.rcsb.org/download/3NGB.pdb	skipped
/Users/suhaan/Documents/Coding/NovelRP/data/raw/skempi/pdbs/3SZK.pdb	ca85febf24f7dc83a6cf1c37aa3a1937	3SZK	1141047	https://files.rcsb.org/download/3SZK.pdb	skipped
/Users/suhaan/Documents/Coding/NovelRP/data/raw/skempi/pdbs/4BFI.pdb	71dd1210462fef4e4da01b33ed9b2be0	4BFI	324486	https://files.rcsb.org/download/4BFI.pdb	skipped
/Users/suhaan/Documents/Coding/NovelRP/data/raw/skempi/pdbs/3WWN.pdb	643281b7e508ce331f52c6b1eb6ee732	3WWN	454329	https://files.rcsb.org/download/3WWN.pdb	skipped
/Users/suhaan/Documents/Coding/NovelRP/data/raw/skempi/pdbs/3W2D.pdb	f109c18ad8c1f60dd517e78618cb77ac	3W2D	481707	https://files.rcsb.org/download/3W2D.pdb	skipped
/Users/suhaan/Documents/Coding/NovelRP/data/raw/skempi/pdbs/4B0M.pdb	60e07b428c02d606d078b8317968ffd5	4B0M	677565	https://files.rcsb.org/download/4B0M.pdb	skipped
/Users/suhaan/Documents/Coding/NovelRP/data/raw/skempi/pdbs/4CPA.pdb	e0196ab9c838117a4f1aee61df7e5483	4CPA	502848	https://files.rcsb.org/download/4CPA.pdb	skipped
/Users/suhaan/Documents/Coding/NovelRP/data/raw/skempi/pdbs/4EKD.pdb	805decda80fcb6c61be210602f9c386e	4EKD	666711	https://files.rcsb.org/download/4EKD.pdb	skipped
/Users/suhaan/Documents/Coding/NovelRP/data/raw/skempi/pdbs/4G0N.pdb	b2a3eca2dd306c414b61c664c85a9172	4G0N	367416	https://files.rcsb.org/download/4G0N.pdb	skipped
/Users/suhaan/Documents/Coding/NovelRP/data/raw/skempi/pdbs/4E6K.pdb	8360e88b7da306c6fff9cfaaa7f81e7d	4E6K	936279	https://files.rcsb.org/download/4E6K.pdb	skipped
/Users/suhaan/Documents/Coding/NovelRP/data/raw/skempi/pdbs/4G2V.pdb	debb09d04c905c64c3af69ac04a2567e	4G2V	489402	https://files.rcsb.org/download/4G2V.pdb	skipped
/Users/suhaan/Documents/Coding/NovelRP/data/raw/skempi/pdbs/4CVW.pdb	b8ebb54a84c11a32c36acdcd0007cb89	4CVW	1311066	https://files.rcsb.org/download/4CVW.pdb	skipped
/Users/suhaan/Documents/Coding/NovelRP/data/raw/skempi/pdbs/4FZA.pdb	7c804da821e6973b56f63ad4d7bf4ba5	4FZA	858357	https://files.rcsb.org/download/4FZA.pdb	skipped
/Users/suhaan/Documents/Coding/NovelRP/data/raw/skempi/pdbs/4HFK.pdb	4dc88f1954ce38ada58e57837a49f2a0	4HFK	401598	https://files.rcsb.org/download/4HFK.pdb	skipped
/Users/suhaan/Documents/Coding/NovelRP/data/raw/skempi/pdbs/4HRN.pdb	fcf2836ed91c5d39906cc43f04024857	4HRN	277992	https://files.rcsb.org/download/4HRN.pdb	skipped
/Users/suhaan/Documents/Coding/NovelRP/data/raw/skempi/pdbs/4FTV.pdb	7dd39923b53c133edb41672bc7d92fd8	4FTV	1152063	https://files.rcsb.org/download/4FTV.pdb	skipped
/Users/suhaan/Documents/Coding/NovelRP/data/raw/skempi/pdbs/4J2L.pdb	9f7dc7ded1680b35c7369549641c6872	4J2L	224370	https://files.rcsb.org/download/4J2L.pdb	skipped
/Users/suhaan/Documents/Coding/NovelRP/data/raw/skempi/pdbs/4I77.pdb	7a9b159c58572f974ed74616b046e5fc	4I77	743013	https://files.rcsb.org/download/4I77.pdb	skipped
/Users/suhaan/Documents/Coding/NovelRP/data/raw/skempi/pdbs/4JEU.pdb	aa499c88cfa42dd3472e0aac9fb755e0	4JEU	1064907	https://files.rcsb.org/download/4JEU.pdb	skipped
/Users/suhaan/Documents/Coding/NovelRP/data/raw/skempi/pdbs/4HSA.pdb	a224b9dac6efcde8a8e388cccbf7c8ac	4HSA	1394415	https://files.rcsb.org/download/4HSA.pdb	skipped
/Users/suhaan/Documents/Coding/NovelRP/data/raw/skempi/pdbs/4GU0.pdb	0fff03735b4fd0da9278720c45023162	4GU0	2084373	https://files.rcsb.org/download/4GU0.pdb	skipped
/Users/suhaan/Documents/Coding/NovelRP/data/raw/skempi/pdbs/4JFD.pdb	7322fab779f12be7426388f85ad4b477	4JFD	1162431	https://files.rcsb.org/download/4JFD.pdb	skipped
/Users/suhaan/Documents/Coding/NovelRP/data/raw/skempi/pdbs/4JGH.pdb	7e7a318f16ecae212a296f9d25d4cd14	4JGH	524070	https://files.rcsb.org/download/4JGH.pdb	skipped
/Users/suhaan/Documents/Coding/NovelRP/data/raw/skempi/pdbs/4JFE.pdb	285f6de173a78bf4f21c8643ed19cf0a	4JFE	1154169	https://files.rcsb.org/download/4JFE.pdb	skipped
/Users/suhaan/Documents/Coding/NovelRP/data/raw/skempi/pdbs/3VR6.pdb	64bf3b5a640e5fd0406c304ae41976c6	3VR6	4720599	https://files.rcsb.org/download/3VR6.pdb	skipped
/Users/suhaan/Documents/Coding/NovelRP/data/raw/skempi/pdbs/4KRL.pdb	30b0a2d6a1bffccfeaf1d5eeb8425f20	4KRL	252234	https://files.rcsb.org/download/4KRL.pdb	skipped
/Users/suhaan/Documents/Coding/NovelRP/data/raw/skempi/pdbs/4JPK.pdb	1904ec1d0da2645e205de855fe4c9dca	4JPK	827415	https://files.rcsb.org/download/4JPK.pdb	skipped
/Users/suhaan/Documents/Coding/NovelRP/data/raw/skempi/pdbs/4JFF.pdb	d3be493e97f00b2cffd2b52f01ef1f2c	4JFF	1165428	https://files.rcsb.org/download/4JFF.pdb	skipped
/Users/suhaan/Documents/Coding/NovelRP/data/raw/skempi/pdbs/4GNK.pdb	b6148939324dd4bcbb3b2ab477ea1970	4GNK	3385476	https://files.rcsb.org/download/4GNK.pdb	skipped
/Users/suhaan/Documents/Coding/NovelRP/data/raw/skempi/pdbs/4L0P.pdb	55b51642d6abc36befad8c2896d5f1b2	4L0P	484704	https://files.rcsb.org/download/4L0P.pdb	skipped
/Users/suhaan/Documents/Coding/NovelRP/data/raw/skempi/pdbs/4KRO.pdb	39354a9f651de3be28429e5a98970f46	4KRO	1303695	https://files.rcsb.org/download/4KRO.pdb	skipped
/Users/suhaan/Documents/Coding/NovelRP/data/raw/skempi/pdbs/4L3E.pdb	8063603b2aed50cc01103a74ef8c074d	4L3E	1150524	https://files.rcsb.org/download/4L3E.pdb	skipped
/Users/suhaan/Documents/Coding/NovelRP/data/raw/skempi/pdbs/4KRP.pdb	6c560c6c04547c29b10f378cacc4c3d2	4KRP	1303047	https://files.rcsb.org/download/4KRP.pdb	skipped
/Users/suhaan/Documents/Coding/NovelRP/data/raw/skempi/pdbs/4MNQ.pdb	763d69c6853221c3887265296c823c4f	4MNQ	1150200	https://files.rcsb.org/download/4MNQ.pdb	skipped
/Users/suhaan/Documents/Coding/NovelRP/data/raw/skempi/pdbs/4NZW.pdb	9f7ccc7c37b5fb21a95182cf85048e42	4NZW	428247	https://files.rcsb.org/download/4NZW.pdb	skipped
/Users/suhaan/Documents/Coding/NovelRP/data/raw/skempi/pdbs/4LRX.pdb	a787954b262821f520684f6b82e4f9fa	4LRX	1669734	https://files.rcsb.org/download/4LRX.pdb	skipped
/Users/suhaan/Documents/Coding/NovelRP/data/raw/skempi/pdbs/4K71.pdb	1af1985d47d6be7ee10762bee72a4b9e	4K71	2565594	https://files.rcsb.org/download/4K71.pdb	skipped
/Users/suhaan/Documents/Coding/NovelRP/data/raw/skempi/pdbs/4N8V.pdb	8ab540bd72a4e9d3b0eb9e1d942a6d18	4N8V	813888	https://files.rcsb.org/download/4N8V.pdb	skipped
/Users/suhaan/Documents/Coding/NovelRP/data/raw/skempi/pdbs/4MYW.pdb	cb8c9d9a4cf7fa2f8d7187f38c5af7e7	4MYW	1471203	https://files.rcsb.org/download/4MYW.pdb	skipped
/Users/suhaan/Documents/Coding/NovelRP/data/raw/skempi/pdbs/4NKQ.pdb	37f41c5849cd21f1d593f5cc4b140eb4	4NKQ	993546	https://files.rcsb.org/download/4NKQ.pdb	skipped
/Users/suhaan/Documents/Coding/NovelRP/data/raw/skempi/pdbs/4O27.pdb	179d14d78824e8b61678177a9fb895b1	4O27	438696	https://files.rcsb.org/download/4O27.pdb	skipped
/Users/suhaan/Documents/Coding/NovelRP/data/raw/skempi/pdbs/4GXU.pdb	611c90c2b929ac5e34581632f04875fc	4GXU	6517260	https://files.rcsb.org/download/4GXU.pdb	skipped
/Users/suhaan/Documents/Coding/NovelRP/data/raw/skempi/pdbs/4PWX.pdb	1ac4e0093f4bf0f10f06c8dd78c192a5	4PWX	896589	https://files.rcsb.org/download/4PWX.pdb	skipped
/Users/suhaan/Documents/Coding/NovelRP/data/raw/skempi/pdbs/4OFY.pdb	253c70da1ce41c67ff49aecc5e51ecf5	4OFY	1337229	https://files.rcsb.org/download/4OFY.pdb	skipped
/Users/suhaan/Documents/Coding/NovelRP/data/raw/skempi/pdbs/4P23.pdb	7cff5e81b995b0538be44f3285242eac	4P23	1111563	https://files.rcsb.org/download/4P23.pdb	skipped
/Users/suhaan/Documents/Coding/NovelRP/data/raw/skempi/pdbs/4RS1.pdb	301d62003a36df3a48b71a01af3a301c	4RS1	547803	https://files.rcsb.org/download/4RS1.pdb	skipped
/Users/suhaan/Documents/Coding/NovelRP/data/raw/skempi/pdbs/4UYQ.pdb	3485e9223013773f84ef4fdc54e83dad	4UYQ	352350	https://files.rcsb.org/download/4UYQ.pdb	skipped
/Users/suhaan/Documents/Coding/NovelRP/data/raw/skempi/pdbs/4RA0.pdb	76f68906a495e5e52013ef02a4923881	4RA0	1524177	https://files.rcsb.org/download/4RA0.pdb	skipped
/Users/suhaan/Documents/Coding/NovelRP/data/raw/skempi/pdbs/4UYP.pdb	bf596cf3e8ddbfed19c09c9bd6f2be87	4UYP	744228	https://files.rcsb.org/download/4UYP.pdb	skipped
/Users/suhaan/Documents/Coding/NovelRP/data/raw/skempi/pdbs/4WND.pdb	5bf1ff64f57521985ea201ce9848fb1b	4WND	330723	https://files.rcsb.org/download/4WND.pdb	skipped
/Users/suhaan/Documents/Coding/NovelRP/data/raw/skempi/pdbs/4U6H.pdb	7e3b4610353d0ff033cd4fb8adedbc22	4U6H	802305	https://files.rcsb.org/download/4U6H.pdb	skipped
/Users/suhaan/Documents/Coding/NovelRP/data/raw/skempi/pdbs/4P5T.pdb	edd5fb1c6466919de2d90bdffe123453	4P5T	2094093	https://files.rcsb.org/download/4P5T.pdb	skipped
/Users/suhaan/Documents/Coding/NovelRP/data/raw/skempi/pdbs/4OZG.pdb	515915122de5908af9483ff7acc3cb37	4OZG	2148282	https://files.rcsb.org/download/4OZG.pdb	skipped
/Users/suhaan/Documents/Coding/NovelRP/data/raw/skempi/pdbs/4X4M.pdb	b34ed43c688c49ac8092b8640ebd642d	4X4M	1043361	https://files.rcsb.org/download/4X4M.pdb	skipped
/Users/suhaan/Documents/Coding/NovelRP/data/raw/skempi/pdbs/4YH7.pdb	f03c553b5df48257d60098e185ca5ea1	4YH7	674325	https://files.rcsb.org/download/4YH7.pdb	skipped
/Users/suhaan/Documents/Coding/NovelRP/data/raw/skempi/pdbs/4Y61.pdb	d81e0a31f3b48288551b7a0897ee83df	4Y61	850905	https://files.rcsb.org/download/4Y61.pdb	skipped
/Users/suhaan/Documents/Coding/NovelRP/data/raw/skempi/pdbs/4YEB.pdb	e372be49119132a059e06c54e267612f	4YEB	836973	https://files.rcsb.org/download/4YEB.pdb	skipped
/Users/suhaan/Documents/Coding/NovelRP/data/raw/skempi/pdbs/5C6T.pdb	e53b42021d82eb9d424fed6d7bfc2e0d	5C6T	611793	https://files.rcsb.org/download/5C6T.pdb	skipped
/Users/suhaan/Documents/Coding/NovelRP/data/raw/skempi/pdbs/4NM8.pdb	f8dba3e0fe295f7eb374589bb93071f3	4NM8	3644757	https://files.rcsb.org/download/4NM8.pdb	skipped
/Users/suhaan/Documents/Coding/NovelRP/data/raw/skempi/pdbs/4YFD.pdb	450f36abb7a865c1431270785c880ae9	4YFD	1109052	https://files.rcsb.org/download/4YFD.pdb	skipped
/Users/suhaan/Documents/Coding/NovelRP/data/raw/skempi/pdbs/5K39.pdb	632f4674bda00fb3f90beaa9eafdc90b	5K39	272889	https://files.rcsb.org/download/5K39.pdb	skipped
/Users/suhaan/Documents/Coding/NovelRP/data/raw/skempi/pdbs/5F4E.pdb	f79cf4a9c4a896987949a6b0d1da6466	5F4E	631962	https://files.rcsb.org/download/5F4E.pdb	skipped
/Users/suhaan/Documents/Coding/NovelRP/data/raw/skempi/pdbs/5E6P.pdb	9f6a1723cdfb100ff785895474650fd7	5E6P	781002	https://files.rcsb.org/download/5E6P.pdb	skipped
/Users/suhaan/Documents/Coding/NovelRP/data/raw/skempi/pdbs/4ZS6.pdb	2e2ce6d8940a555834a1ced90f480a48	4ZS6	1671030	https://files.rcsb.org/download/4ZS6.pdb	skipped
/Users/suhaan/Documents/Coding/NovelRP/data/raw/skempi/pdbs/5CXB.pdb	398db91a716b8b05e0f858765e7be8ba	5CXB	1107918	https://files.rcsb.org/download/5CXB.pdb	skipped
/Users/suhaan/Documents/Coding/NovelRP/data/raw/skempi/pdbs/5M2O.pdb	358acb0c5561c86d32790c44cb3a2c31	5M2O	357696	https://files.rcsb.org/download/5M2O.pdb	skipped
/Users/suhaan/Documents/Coding/NovelRP/data/raw/skempi/pdbs/5TAR.pdb	1d2d03ff9aa6158e765712d07a575f50	5TAR	262845	https://files.rcsb.org/download/5TAR.pdb	skipped
/Users/suhaan/Documents/Coding/NovelRP/data/raw/skempi/pdbs/5UFE.pdb	49d8b0f89a1d99abb98f66ba42418df5	5UFE	211167	https://files.rcsb.org/download/5UFE.pdb	skipped
/Users/suhaan/Documents/Coding/NovelRP/data/raw/skempi/pdbs/5CYK.pdb	fbaefde2e1ad1c8c3415a9ea3e9dc729	5CYK	1067499	https://files.rcsb.org/download/5CYK.pdb	skipped
/Users/suhaan/Documents/Coding/NovelRP/data/raw/skempi/pdbs/5XCO.pdb	d774e268818b821f69b0bf0181baf49e	5XCO	314361	https://files.rcsb.org/download/5XCO.pdb	skipped
/Users/suhaan/Documents/Coding/NovelRP/data/raw/skempi/pdbs/5UFQ.pdb	1ce410ac8bb318d92b7ee8128e6d8ca7	5UFQ	359640	https://files.rcsb.org/download/5UFQ.pdb	skipped
/Users/suhaan/Documents/Coding/NovelRP/data/raw/skempi/pdbs/5DWU.pdb	54271152267ad78594cb760eb3a9dbfc	5DWU	1296405	https://files.rcsb.org/download/5DWU.pdb	skipped
/Users/suhaan/Documents/Coding/NovelRP/data/raw/skempi/pdbs/5E9D.pdb	f4c4cb36d8eafdb87f8deb314dc06c87	5E9D	1711287	https://files.rcsb.org/download/5E9D.pdb	skipped
